index,label,reward
0,1.0,0.97998046875
1,0.0,0.97998046875
2,1.0,-0.2109375
3,0.0,-0.1883544921875
4,1.0,0.81982421875
5,0.0,0.70751953125
6,1.0,0.110107421875
7,0.0,0.110107421875
8,1.0,0.94189453125
9,0.0,0.458740234375
10,1.0,0.8916015625
11,0.0,0.01473236083984375
12,1.0,0.59619140625
13,0.0,0.2091064453125
14,1.0,1.2490234375
15,0.0,-0.055450439453125
16,1.0,0.9365234375
17,0.0,0.35107421875
18,1.0,0.693359375
19,0.0,0.29052734375
20,1.0,0.56494140625
21,0.0,-0.2269287109375
22,1.0,0.87060546875
23,0.0,0.095458984375
24,1.0,0.87060546875
25,0.0,-0.1417236328125
26,1.0,0.75927734375
27,0.0,0.0251922607421875
28,1.0,0.5703125
29,0.0,0.416259765625
30,1.0,1.1904296875
31,0.0,0.1456298828125
32,1.0,0.9189453125
33,0.0,0.11529541015625
34,1.0,0.7880859375
35,0.0,0.3203125
36,1.0,0.355224609375
37,0.0,-0.328125
38,1.0,0.5498046875
39,0.0,0.439697265625
40,1.0,0.437255859375
41,0.0,0.320068359375
42,1.0,0.58251953125
43,0.0,0.287841796875
44,1.0,0.638671875
45,0.0,0.32373046875
46,1.0,0.771484375
47,0.0,0.447265625
48,1.0,1.09765625
49,0.0,0.265380859375
50,1.0,1.076171875
51,0.0,-0.003253936767578125
52,1.0,0.8173828125
53,0.0,0.2154541015625
54,1.0,0.509765625
55,0.0,0.509765625
56,1.0,1.0419921875
57,0.0,0.00890350341796875
58,1.0,0.6865234375
59,0.0,0.3427734375
60,1.0,0.26513671875
61,0.0,0.26513671875
62,1.0,0.63525390625
63,0.0,-0.03167724609375
64,1.0,0.57080078125
65,0.0,0.2099609375
66,1.0,0.67236328125
67,0.0,0.62939453125
68,1.0,0.452880859375
69,0.0,0.452880859375
70,1.0,0.6591796875
71,0.0,0.2939453125
72,1.0,0.86572265625
73,0.0,-0.201904296875
74,1.0,0.8759765625
75,0.0,-0.09814453125
76,1.0,0.7880859375
77,0.0,-0.1016845703125
78,1.0,0.7919921875
79,0.0,0.7919921875
80,1.0,0.67529296875
81,0.0,0.047882080078125
82,1.0,0.7490234375
83,0.0,0.477294921875
84,1.0,0.5439453125
85,0.0,-0.1806640625
86,1.0,0.95849609375
87,0.0,0.309814453125
88,1.0,0.91162109375
89,0.0,0.136474609375
90,1.0,0.80859375
91,0.0,0.5322265625
92,1.0,0.990234375
93,0.0,0.01084136962890625
94,1.0,-0.77490234375
95,0.0,-0.05511474609375
96,1.0,0.84814453125
97,0.0,0.51513671875
98,1.0,0.7666015625
99,0.0,0.0628662109375
100,1.0,0.822265625
101,0.0,0.5166015625
102,1.0,1.0087890625
103,0.0,0.1939697265625
104,1.0,0.6708984375
105,0.0,0.294189453125
106,1.0,0.5234375
107,0.0,-0.069580078125
108,1.0,0.900390625
109,0.0,-0.01763916015625
110,1.0,0.80029296875
111,0.0,0.162353515625
112,1.0,0.68896484375
113,0.0,-0.3759765625
114,1.0,0.271484375
115,0.0,-0.2208251953125
116,1.0,0.71826171875
117,0.0,0.71826171875
118,1.0,0.86572265625
119,0.0,0.9794921875
120,1.0,0.6708984375
121,0.0,0.201171875
122,1.0,0.70849609375
123,0.0,0.260009765625
124,1.0,1.103515625
125,0.0,1.103515625
126,1.0,0.96875
127,0.0,0.90185546875
128,1.0,0.69970703125
129,0.0,0.76806640625
130,1.0,0.57470703125
131,0.0,0.298583984375
132,1.0,0.697265625
133,0.0,0.5419921875
134,1.0,0.97705078125
135,0.0,-0.17578125
136,1.0,0.94775390625
137,0.0,0.873046875
138,1.0,0.9150390625
139,0.0,0.43505859375
140,1.0,0.99365234375
141,0.0,0.64892578125
142,1.0,1.4833984375
143,0.0,1.4833984375
144,1.0,0.43896484375
145,0.0,0.69580078125
146,1.0,0.80029296875
147,0.0,0.740234375
148,1.0,0.826171875
149,0.0,-0.043548583984375
150,1.0,0.96875
151,0.0,0.265625
152,1.0,1.0791015625
153,0.0,0.22412109375
154,1.0,0.7841796875
155,0.0,0.1143798828125
156,1.0,0.947265625
157,0.0,0.051849365234375
158,1.0,0.826171875
159,0.0,-0.1368408203125
160,1.0,1.0703125
161,0.0,0.327392578125
162,1.0,1.1708984375
163,0.0,0.29150390625
164,1.0,0.2421875
165,0.0,-0.1507568359375
166,1.0,1.0712890625
167,0.0,0.361572265625
168,1.0,-0.0051116943359375
169,0.0,-0.0051116943359375
170,1.0,0.281005859375
171,0.0,0.57568359375
172,1.0,1.20703125
173,0.0,0.74267578125
174,1.0,0.59912109375
175,0.0,0.1029052734375
176,1.0,0.71044921875
177,0.0,0.319091796875
178,1.0,0.96240234375
179,0.0,0.0026798248291015625
180,1.0,0.6806640625
181,0.0,0.2900390625
182,1.0,0.7587890625
183,0.0,0.05780029296875
184,1.0,0.59716796875
185,0.0,0.063720703125
186,1.0,1.2314453125
187,0.0,1.2314453125
188,1.0,0.74072265625
189,0.0,0.5361328125
190,1.0,0.6103515625
191,0.0,0.45068359375
192,1.0,0.65673828125
193,0.0,0.0535888671875
194,1.0,0.6298828125
195,0.0,0.54443359375
196,1.0,1.0361328125
197,0.0,0.1932373046875
198,1.0,1.0986328125
199,0.0,0.2880859375
200,1.0,1.029296875
201,0.0,-0.1051025390625
202,1.0,1.3525390625
203,0.0,0.3818359375
204,1.0,0.61181640625
205,0.0,0.52197265625
206,1.0,0.90673828125
207,0.0,-0.1973876953125
208,1.0,0.8603515625
209,0.0,0.5859375
210,1.0,0.05316162109375
211,0.0,0.1500244140625
212,1.0,0.70556640625
213,0.0,-0.284423828125
214,1.0,0.6259765625
215,0.0,-0.2025146484375
216,1.0,0.84765625
217,0.0,0.3583984375
218,1.0,0.62744140625
219,0.0,-0.0948486328125
220,1.0,1.04296875
221,0.0,-0.237548828125
222,1.0,0.381103515625
223,0.0,-0.058929443359375
224,1.0,0.626953125
225,0.0,-0.159912109375
226,1.0,0.7314453125
227,0.0,0.119873046875
228,1.0,1.0126953125
229,0.0,-0.06719970703125
230,1.0,0.74560546875
231,0.0,-0.0296173095703125
232,1.0,0.79443359375
233,0.0,0.79443359375
234,1.0,0.93359375
235,0.0,0.218017578125
236,1.0,1.0048828125
237,0.0,0.040618896484375
238,1.0,0.7646484375
239,0.0,-0.0223541259765625
240,1.0,0.7978515625
241,0.0,0.338623046875
242,1.0,0.75244140625
243,0.0,0.2093505859375
244,1.0,0.90087890625
245,0.0,0.13720703125
246,1.0,0.44091796875
247,0.0,0.25341796875
248,1.0,0.6171875
249,0.0,-0.15283203125
250,1.0,0.77880859375
251,0.0,0.2369384765625
252,1.0,0.67333984375
253,0.0,0.259521484375
254,1.0,0.84716796875
255,0.0,0.10577392578125
256,1.0,0.412841796875
257,0.0,0.04095458984375
258,1.0,0.55126953125
259,0.0,-0.1817626953125
260,1.0,0.63134765625
261,0.0,0.01500701904296875
262,1.0,0.6005859375
263,0.0,0.39794921875
264,1.0,0.442626953125
265,0.0,0.442626953125
266,1.0,0.4970703125
267,0.0,-0.01239013671875
268,1.0,0.927734375
269,0.0,0.0416259765625
270,1.0,1.0634765625
271,0.0,0.29833984375
272,1.0,-0.0229034423828125
273,0.0,-0.0229034423828125
274,1.0,0.99609375
275,0.0,0.85009765625
276,1.0,0.83447265625
277,0.0,0.12347412109375
278,1.0,0.658203125
279,0.0,0.10675048828125
280,1.0,0.5498046875
281,0.0,0.05731201171875
282,1.0,0.77001953125
283,0.0,-0.402099609375
284,1.0,0.23681640625
285,0.0,0.23681640625
286,1.0,0.63427734375
287,0.0,0.63427734375
288,1.0,0.68603515625
289,0.0,0.68603515625
290,1.0,0.78076171875
291,0.0,0.478515625
292,1.0,1.05078125
293,0.0,0.85595703125
294,1.0,1.0302734375
295,0.0,0.11083984375
296,1.0,0.9873046875
297,0.0,0.53076171875
298,1.0,1.06640625
299,0.0,0.8974609375
300,1.0,0.69921875
301,0.0,0.50537109375
302,1.0,0.84765625
303,0.0,-0.05517578125
304,1.0,0.5986328125
305,0.0,0.5986328125
306,1.0,0.77099609375
307,0.0,0.24560546875
308,1.0,0.69921875
309,0.0,0.0994873046875
310,1.0,0.9384765625
311,0.0,-0.00970458984375
312,1.0,0.78271484375
313,0.0,0.33447265625
314,1.0,0.7236328125
315,0.0,0.42529296875
316,1.0,1.072265625
317,0.0,-0.06341552734375
318,1.0,0.76025390625
319,0.0,0.630859375
320,1.0,1.1025390625
321,0.0,0.29833984375
322,1.0,0.865234375
323,0.0,0.486328125
324,1.0,0.57958984375
325,0.0,0.452392578125
326,1.0,0.82080078125
327,0.0,0.401611328125
328,1.0,0.5732421875
329,0.0,0.311767578125
330,1.0,0.67578125
331,0.0,0.490234375
332,1.0,0.9501953125
333,0.0,0.426025390625
334,1.0,0.7392578125
335,0.0,0.412841796875
336,1.0,1.3916015625
337,0.0,0.67431640625
338,1.0,0.480224609375
339,0.0,0.416015625
340,1.0,0.96630859375
341,0.0,0.64501953125
342,1.0,0.94384765625
343,0.0,0.1451416015625
344,1.0,0.806640625
345,0.0,0.7607421875
346,1.0,0.84326171875
347,0.0,0.04498291015625
348,1.0,1.0595703125
349,0.0,0.44189453125
350,1.0,0.6650390625
351,0.0,0.351806640625
352,1.0,0.91259765625
353,0.0,0.255615234375
354,1.0,0.69921875
355,0.0,-0.03533935546875
356,1.0,1.0234375
357,0.0,0.267822265625
358,1.0,0.88720703125
359,0.0,0.0325927734375
360,1.0,0.94482421875
361,0.0,0.09796142578125
362,1.0,0.96533203125
363,0.0,0.17626953125
364,1.0,0.95068359375
365,0.0,0.56298828125
366,1.0,0.5830078125
367,0.0,-0.054046630859375
368,1.0,0.79248046875
369,0.0,0.32177734375
370,1.0,0.833984375
371,0.0,-0.09283447265625
372,1.0,0.9033203125
373,0.0,0.02191162109375
374,1.0,0.63671875
375,0.0,0.158935546875
376,1.0,0.4404296875
377,0.0,0.91455078125
378,1.0,0.79443359375
379,0.0,0.1802978515625
380,1.0,0.44873046875
381,0.0,0.30419921875
382,1.0,0.888671875
383,0.0,0.45751953125
384,1.0,0.42138671875
385,0.0,0.04742431640625
386,1.0,0.5361328125
387,0.0,0.3642578125
388,1.0,0.58642578125
389,0.0,0.54736328125
390,1.0,0.759765625
391,0.0,0.225341796875
392,1.0,0.6279296875
393,0.0,0.175537109375
394,1.0,0.8828125
395,0.0,0.12109375
396,1.0,0.6787109375
397,0.0,0.054168701171875
398,1.0,0.79541015625
399,0.0,-0.2685546875
400,1.0,0.63623046875
401,0.0,0.6142578125
402,1.0,0.260009765625
403,0.0,0.58154296875
404,1.0,0.7802734375
405,0.0,0.48193359375
406,1.0,0.12060546875
407,0.0,0.0191650390625
408,1.0,1.0791015625
409,0.0,0.37890625
410,1.0,0.578125
411,0.0,0.27490234375
412,1.0,0.69970703125
413,0.0,0.4443359375
414,1.0,0.7060546875
415,0.0,1.1875
416,1.0,0.615234375
417,0.0,-0.190673828125
418,1.0,0.94873046875
419,0.0,-0.048828125
420,1.0,1.0732421875
421,0.0,-0.34033203125
422,1.0,1.1201171875
423,0.0,0.6123046875
424,1.0,0.7177734375
425,0.0,-0.048431396484375
426,1.0,0.865234375
427,0.0,0.0288543701171875
428,1.0,0.87841796875
429,0.0,0.294921875
430,1.0,0.73486328125
431,0.0,0.01568603515625
432,1.0,0.67333984375
433,0.0,-0.1322021484375
434,1.0,0.9228515625
435,0.0,0.297119140625
436,1.0,0.06207275390625
437,0.0,0.173828125
438,1.0,1.2041015625
439,0.0,0.701171875
440,1.0,0.350341796875
441,0.0,-0.5791015625
442,1.0,0.79541015625
443,0.0,0.07073974609375
444,1.0,1.0625
445,0.0,0.1746826171875
446,1.0,0.849609375
447,0.0,0.5595703125
448,1.0,0.626953125
449,0.0,0.66748046875
450,1.0,0.6689453125
451,0.0,-0.210693359375
452,1.0,0.82080078125
453,0.0,0.517578125
454,1.0,0.73974609375
455,0.0,0.491455078125
456,1.0,0.8115234375
457,0.0,0.332275390625
458,1.0,0.8310546875
459,0.0,0.302734375
460,1.0,1.07421875
461,0.0,0.1807861328125
462,1.0,0.76220703125
463,0.0,0.43701171875
464,1.0,1.015625
465,0.0,0.29541015625
466,1.0,1.2001953125
467,0.0,0.046356201171875
468,1.0,0.78369140625
469,0.0,-0.1280517578125
470,1.0,0.6708984375
471,0.0,-0.0166778564453125
472,1.0,0.71484375
473,0.0,0.1324462890625
474,1.0,1.0107421875
475,0.0,1.0107421875
476,1.0,0.673828125
477,0.0,0.1373291015625
478,1.0,1.1064453125
479,0.0,0.001621246337890625
480,1.0,0.4375
481,0.0,0.4375
482,1.0,0.76611328125
483,0.0,0.84521484375
484,1.0,0.96875
485,0.0,0.1875
486,1.0,0.77978515625
487,0.0,0.2841796875
488,1.0,0.63232421875
489,0.0,0.246337890625
490,1.0,0.334228515625
491,0.0,1.5556640625
492,1.0,0.50048828125
493,0.0,0.2469482421875
494,1.0,1.08203125
495,0.0,0.153076171875
496,1.0,1.0009765625
497,0.0,-0.1358642578125
498,1.0,0.94140625
499,0.0,0.2427978515625
500,1.0,1.958984375
501,0.0,0.97900390625
502,1.0,0.681640625
503,0.0,0.203369140625
504,1.0,0.70751953125
505,0.0,-0.2257080078125
506,1.0,0.95263671875
507,0.0,-0.129638671875
508,1.0,-0.0092010498046875
509,0.0,0.0401611328125
510,1.0,0.6884765625
511,0.0,0.37255859375
512,1.0,0.94921875
513,0.0,-0.053619384765625
514,1.0,0.6455078125
515,0.0,-0.12408447265625
516,1.0,0.53076171875
517,0.0,0.1473388671875
518,1.0,1.0078125
519,0.0,0.446044921875
520,1.0,0.89599609375
521,0.0,0.354248046875
522,1.0,0.54443359375
523,0.0,-0.2020263671875
524,1.0,1.1220703125
525,0.0,0.1258544921875
526,1.0,0.8544921875
527,0.0,-0.41943359375
528,1.0,0.90185546875
529,0.0,0.3388671875
530,1.0,0.59375
531,0.0,0.0777587890625
532,1.0,1.193359375
533,0.0,0.09100341796875
534,1.0,0.8017578125
535,0.0,0.06683349609375
536,1.0,0.477294921875
537,0.0,-0.136474609375
538,1.0,1.10546875
539,0.0,0.51708984375
540,1.0,0.82421875
541,0.0,1.06640625
542,1.0,0.6982421875
543,0.0,0.4443359375
544,1.0,0.9794921875
545,0.0,0.9794921875
546,1.0,0.89697265625
547,0.0,0.755859375
548,1.0,0.94482421875
549,0.0,0.470703125
550,1.0,0.88134765625
551,0.0,-0.1962890625
552,1.0,0.83740234375
553,0.0,0.389404296875
554,1.0,0.78515625
555,0.0,-0.03167724609375
556,1.0,0.68408203125
557,0.0,0.413818359375
558,1.0,0.056060791015625
559,0.0,0.056060791015625
560,1.0,0.67333984375
561,0.0,-0.2080078125
562,1.0,0.8193359375
563,0.0,0.275634765625
564,1.0,1.27734375
565,0.0,0.2080078125
566,1.0,0.1724853515625
567,0.0,-0.175537109375
568,1.0,0.5830078125
569,0.0,0.38916015625
570,1.0,1.0078125
571,0.0,0.2474365234375
572,1.0,0.76220703125
573,0.0,0.63623046875
574,1.0,0.9462890625
575,0.0,0.77685546875
576,1.0,0.72314453125
577,0.0,0.28369140625
578,1.0,0.80419921875
579,0.0,0.44482421875
580,1.0,1.107421875
581,0.0,0.76123046875
582,1.0,0.393310546875
583,0.0,0.239990234375
584,1.0,0.384521484375
585,0.0,0.384521484375
586,1.0,0.60986328125
587,0.0,-0.2430419921875
588,1.0,0.57373046875
589,0.0,0.326171875
590,1.0,-0.1561279296875
591,0.0,0.58251953125
592,1.0,0.96337890625
593,0.0,0.2073974609375
594,1.0,1.21484375
595,0.0,1.166015625
596,1.0,0.306396484375
597,0.0,0.306396484375
598,1.0,0.5087890625
599,0.0,-0.028350830078125
600,1.0,1.08203125
601,0.0,0.327880859375
602,1.0,0.86474609375
603,0.0,0.40869140625
604,1.0,0.736328125
605,0.0,0.040802001953125
606,1.0,1.048828125
607,0.0,0.441162109375
608,1.0,0.7265625
609,0.0,0.37646484375
610,1.0,0.6337890625
611,0.0,0.6787109375
612,1.0,0.7568359375
613,0.0,0.43212890625
614,1.0,0.30517578125
615,0.0,0.1817626953125
616,1.0,0.467041015625
617,0.0,0.23486328125
618,1.0,0.93994140625
619,0.0,0.1531982421875
620,1.0,0.6728515625
621,0.0,0.60791015625
622,1.0,0.9619140625
623,0.0,0.61572265625
624,1.0,0.49365234375
625,0.0,-0.04168701171875
626,1.0,0.50048828125
627,0.0,0.39794921875
628,1.0,-1.037109375
629,0.0,0.051788330078125
630,1.0,1.072265625
631,0.0,0.352294921875
632,1.0,0.88525390625
633,0.0,0.2401123046875
634,1.0,0.96044921875
635,0.0,0.4345703125
636,1.0,0.94677734375
637,0.0,0.13232421875
638,1.0,0.744140625
639,0.0,0.1513671875
640,1.0,1.0419921875
641,0.0,0.71728515625
642,1.0,0.642578125
643,0.0,0.52294921875
644,1.0,0.56396484375
645,0.0,0.662109375
646,1.0,0.51171875
647,0.0,-0.0328369140625
648,1.0,0.5439453125
649,0.0,0.22802734375
650,1.0,0.833984375
651,0.0,0.45849609375
652,1.0,0.7646484375
653,0.0,0.0208740234375
654,1.0,0.76025390625
655,0.0,-0.2161865234375
656,1.0,0.50146484375
657,0.0,0.11572265625
658,1.0,0.84130859375
659,0.0,-0.278076171875
660,1.0,0.892578125
661,0.0,0.42236328125
662,1.0,0.64892578125
663,0.0,0.051849365234375
664,1.0,1.109375
665,0.0,-0.11883544921875
666,1.0,0.91748046875
667,0.0,0.435302734375
668,1.0,1.458984375
669,0.0,-0.031707763671875
670,1.0,0.8798828125
671,0.0,0.74853515625
672,1.0,0.93017578125
673,0.0,0.93017578125
674,1.0,1.115234375
675,0.0,0.1524658203125
676,1.0,0.6982421875
677,0.0,0.413818359375
678,1.0,0.921875
679,0.0,-0.056549072265625
680,1.0,0.55712890625
681,0.0,0.55712890625
682,1.0,0.7626953125
683,0.0,-0.11126708984375
684,1.0,0.280029296875
685,0.0,0.280029296875
686,1.0,0.6796875
687,0.0,0.6796875
688,1.0,0.626953125
689,0.0,0.626953125
690,1.0,0.994140625
691,0.0,0.56884765625
692,1.0,1.064453125
693,0.0,0.33251953125
694,1.0,0.5771484375
695,0.0,-0.01502227783203125
696,1.0,0.8681640625
697,0.0,0.609375
698,1.0,0.67431640625
699,0.0,-0.270263671875
700,1.0,0.44775390625
701,0.0,0.495361328125
702,1.0,0.5166015625
703,0.0,0.0158538818359375
704,1.0,0.5546875
705,0.0,0.37890625
706,1.0,0.65185546875
707,0.0,-0.117431640625
708,1.0,0.82666015625
709,0.0,0.029083251953125
710,1.0,0.6259765625
711,0.0,0.6259765625
712,1.0,0.48486328125
713,0.0,0.48486328125
714,1.0,1.2861328125
715,0.0,0.41259765625
716,1.0,0.73095703125
717,0.0,0.1259765625
718,1.0,0.99755859375
719,0.0,0.63818359375
720,1.0,0.79833984375
721,0.0,0.1856689453125
722,1.0,0.452392578125
723,0.0,0.264892578125
724,1.0,1.046875
725,0.0,0.250732421875
726,1.0,0.53564453125
727,0.0,0.53564453125
728,1.0,0.026336669921875
729,0.0,0.026336669921875
730,1.0,0.82568359375
731,0.0,0.451171875
732,1.0,0.587890625
733,0.0,-0.1756591796875
734,1.0,0.677734375
735,0.0,0.33203125
736,1.0,0.73095703125
737,0.0,0.06439208984375
738,1.0,0.60302734375
739,0.0,0.0240631103515625
740,1.0,0.461669921875
741,0.0,0.461669921875
742,1.0,0.583984375
743,0.0,-0.0201873779296875
744,1.0,0.935546875
745,0.0,0.51904296875
746,1.0,1.3251953125
747,0.0,0.1646728515625
748,1.0,1.2587890625
749,0.0,-0.03936767578125
750,1.0,0.6376953125
751,0.0,-0.1087646484375
752,1.0,0.73486328125
753,0.0,0.65087890625
754,1.0,1.0830078125
755,0.0,0.286865234375
756,1.0,0.763671875
757,0.0,0.08758544921875
758,1.0,1.0712890625
759,0.0,0.3759765625
760,1.0,0.8974609375
761,0.0,0.3994140625
762,1.0,0.11932373046875
763,0.0,-0.13916015625
764,1.0,1.9658203125
765,0.0,0.0997314453125
766,1.0,1.0126953125
767,0.0,0.6923828125
768,1.0,0.78466796875
769,0.0,0.0943603515625
770,1.0,1.177734375
771,0.0,0.11517333984375
772,1.0,0.93115234375
773,0.0,-0.19189453125
774,1.0,0.60498046875
775,0.0,0.409912109375
776,1.0,0.68505859375
777,0.0,0.282470703125
778,1.0,1.05859375
779,0.0,-0.07843017578125
780,1.0,0.6435546875
781,0.0,-0.08367919921875
782,1.0,0.75
783,0.0,0.75
784,1.0,0.493408203125
785,0.0,0.282958984375
786,1.0,0.78515625
787,0.0,0.18798828125
788,1.0,0.363037109375
789,0.0,0.1319580078125
790,1.0,0.9609375
791,0.0,0.00765228271484375
792,1.0,0.814453125
793,0.0,0.12396240234375
794,1.0,0.70361328125
795,0.0,0.35009765625
796,1.0,0.9775390625
797,0.0,0.9775390625
798,1.0,0.83642578125
799,0.0,0.68017578125
800,1.0,0.83349609375
801,0.0,0.48681640625
802,1.0,0.900390625
803,0.0,0.11114501953125
804,1.0,0.5302734375
805,0.0,0.44140625
806,1.0,0.994140625
807,0.0,0.0187835693359375
808,1.0,0.83154296875
809,0.0,-0.080322265625
810,1.0,-0.1612548828125
811,0.0,0.6787109375
812,1.0,0.88671875
813,0.0,0.9228515625
814,1.0,1.095703125
815,0.0,-0.1829833984375
816,1.0,0.623046875
817,0.0,0.137451171875
818,1.0,1.0224609375
819,0.0,0.5048828125
820,1.0,1.1123046875
821,0.0,0.2890625
822,1.0,0.7216796875
823,0.0,0.06207275390625
824,1.0,0.9892578125
825,0.0,0.77685546875
826,1.0,0.7353515625
827,0.0,0.27001953125
828,1.0,0.515625
829,0.0,0.18359375
830,1.0,0.6943359375
831,0.0,0.19091796875
832,1.0,0.9814453125
833,0.0,-0.08673095703125
834,1.0,0.53369140625
835,0.0,0.3193359375
836,1.0,0.90673828125
837,0.0,0.392822265625
838,1.0,0.806640625
839,0.0,-0.6328125
840,1.0,0.8134765625
841,0.0,0.419189453125
842,1.0,0.80224609375
843,0.0,0.28369140625
844,1.0,0.4453125
845,0.0,0.09552001953125
846,1.0,0.88037109375
847,0.0,0.0154571533203125
848,1.0,0.927734375
849,0.0,0.426513671875
850,1.0,0.9775390625
851,0.0,0.07861328125
852,1.0,0.5458984375
853,0.0,0.026947021484375
854,1.0,0.89892578125
855,0.0,0.2330322265625
856,1.0,0.498779296875
857,0.0,0.417236328125
858,1.0,0.955078125
859,0.0,0.1724853515625
860,1.0,0.90869140625
861,0.0,0.04400634765625
862,1.0,0.09942626953125
863,0.0,-0.01305389404296875
864,1.0,0.8828125
865,0.0,0.10986328125
866,1.0,0.8896484375
867,0.0,0.274169921875
868,1.0,0.78515625
869,0.0,0.2003173828125
870,1.0,0.505859375
871,0.0,0.0489501953125
872,1.0,0.5556640625
873,0.0,-0.273193359375
874,1.0,0.7216796875
875,0.0,-0.143798828125
876,1.0,0.8515625
877,0.0,0.29248046875
878,1.0,1.0390625
879,0.0,0.11553955078125
880,1.0,1.0791015625
881,0.0,0.09112548828125
882,1.0,0.64306640625
883,0.0,0.626953125
884,1.0,0.64111328125
885,0.0,0.036712646484375
886,1.0,0.935546875
887,0.0,-0.144775390625
888,1.0,0.6552734375
889,0.0,-0.10052490234375
890,1.0,0.78515625
891,0.0,0.52880859375
892,1.0,0.61279296875
893,0.0,-0.134033203125
894,1.0,0.8974609375
895,0.0,0.0970458984375
896,1.0,1.041015625
897,0.0,0.360595703125
898,1.0,0.5263671875
899,0.0,-0.1370849609375
900,1.0,1.068359375
901,0.0,-0.09027099609375
902,1.0,0.6796875
903,0.0,0.45947265625
904,1.0,0.7158203125
905,0.0,-0.5693359375
906,1.0,0.845703125
907,0.0,0.2978515625
908,1.0,0.92578125
909,0.0,0.448974609375
910,1.0,0.385498046875
911,0.0,0.385498046875
912,1.0,0.97021484375
913,0.0,-0.4560546875
914,1.0,1.0595703125
915,0.0,0.44287109375
916,1.0,0.61083984375
917,0.0,0.239013671875
918,1.0,0.60595703125
919,0.0,0.19091796875
920,1.0,0.443359375
921,0.0,0.474365234375
922,1.0,0.71484375
923,0.0,0.10528564453125
924,1.0,1.201171875
925,0.0,0.8876953125
926,1.0,0.94873046875
927,0.0,-0.201904296875
928,1.0,0.91650390625
929,0.0,0.3701171875
930,1.0,0.767578125
931,0.0,0.52587890625
932,1.0,0.6220703125
933,0.0,0.51220703125
934,1.0,0.90380859375
935,0.0,0.90380859375
936,1.0,0.8984375
937,0.0,0.348388671875
938,1.0,0.69140625
939,0.0,-0.13427734375
940,1.0,0.794921875
941,0.0,-0.09649658203125
942,1.0,0.51611328125
943,0.0,0.3125
944,1.0,0.56591796875
945,0.0,0.5244140625
946,1.0,0.91943359375
947,0.0,-0.20458984375
948,1.0,0.54150390625
949,0.0,-0.01346588134765625
950,1.0,0.85791015625
951,0.0,0.521484375
952,1.0,0.1055908203125
953,0.0,-0.0770263671875
954,1.0,0.397216796875
955,0.0,0.397216796875
956,1.0,0.43798828125
957,0.0,0.184814453125
958,1.0,0.54296875
959,0.0,0.36474609375
960,1.0,0.2254638671875
961,0.0,0.7373046875
962,1.0,0.1788330078125
963,0.0,-0.1373291015625
964,1.0,0.7109375
965,0.0,-0.0601806640625
966,1.0,0.87353515625
967,0.0,0.30322265625
968,1.0,0.822265625
969,0.0,0.296630859375
970,1.0,0.58154296875
971,0.0,0.58154296875
972,1.0,0.96435546875
973,0.0,0.46484375
974,1.0,0.65234375
975,0.0,-0.431884765625
976,1.0,0.480712890625
977,0.0,0.005481719970703125
978,1.0,0.955078125
979,0.0,0.01517486572265625
980,1.0,0.513671875
981,0.0,0.06475830078125
982,1.0,0.81689453125
983,0.0,0.12890625
984,1.0,0.77685546875
985,0.0,0.77685546875
986,1.0,0.77685546875
987,0.0,0.019500732421875
988,1.0,0.1490478515625
989,0.0,0.1490478515625
990,1.0,0.74365234375
991,0.0,0.4716796875
992,1.0,0.6396484375
993,0.0,-0.004077911376953125
994,1.0,0.708984375
995,0.0,-0.211181640625
996,1.0,0.59375
997,0.0,-0.16748046875
998,1.0,0.80419921875
999,0.0,0.80419921875
1000,1.0,0.08502197265625
1001,0.0,0.08502197265625
1002,1.0,0.6220703125
1003,0.0,0.485595703125
1004,1.0,0.62109375
1005,0.0,0.34912109375
1006,1.0,0.308837890625
1007,0.0,0.310791015625
1008,1.0,0.55908203125
1009,0.0,0.45263671875
1010,1.0,0.76904296875
1011,0.0,0.64013671875
1012,1.0,0.82421875
1013,0.0,-0.007205963134765625
1014,1.0,0.7373046875
1015,0.0,-0.37451171875
1016,1.0,0.94775390625
1017,0.0,-0.1082763671875
1018,1.0,0.90771484375
1019,0.0,0.319580078125
1020,1.0,0.80419921875
1021,0.0,0.489501953125
1022,1.0,0.76318359375
1023,0.0,0.1778564453125
1024,1.0,0.74853515625
1025,0.0,-0.049041748046875
1026,1.0,0.7734375
1027,0.0,-0.3828125
1028,1.0,0.64501953125
1029,0.0,-0.2469482421875
1030,1.0,0.1231689453125
1031,0.0,0.1231689453125
1032,1.0,0.595703125
1033,0.0,0.447265625
1034,1.0,0.6953125
1035,0.0,0.131591796875
1036,1.0,0.95068359375
1037,0.0,0.23193359375
1038,1.0,0.8642578125
1039,0.0,0.7041015625
1040,1.0,1.111328125
1041,0.0,0.323974609375
1042,1.0,0.68212890625
1043,0.0,0.414794921875
1044,1.0,1.0439453125
1045,0.0,0.0662841796875
1046,1.0,0.9384765625
1047,0.0,0.250732421875
1048,1.0,0.951171875
1049,0.0,0.72998046875
1050,1.0,0.96533203125
1051,0.0,0.3251953125
1052,1.0,0.701171875
1053,0.0,0.0078125
1054,1.0,0.478759765625
1055,0.0,0.478759765625
1056,1.0,0.27294921875
1057,0.0,0.06292724609375
1058,1.0,0.488525390625
1059,0.0,-0.11181640625
1060,1.0,0.6728515625
1061,0.0,-0.10162353515625
1062,1.0,1.076171875
1063,0.0,-0.288818359375
1064,1.0,0.763671875
1065,0.0,0.09698486328125
1066,1.0,1.0576171875
1067,0.0,0.8330078125
1068,1.0,0.85888671875
1069,0.0,0.110107421875
1070,1.0,0.86962890625
1071,0.0,-0.1678466796875
1072,1.0,0.72119140625
1073,0.0,0.350341796875
1074,1.0,0.80908203125
1075,0.0,0.8603515625
1076,1.0,1.0107421875
1077,0.0,-0.2783203125
1078,1.0,0.7265625
1079,0.0,-0.08074951171875
1080,1.0,0.90771484375
1081,0.0,-0.10791015625
1082,1.0,0.81396484375
1083,0.0,-0.1907958984375
1084,1.0,0.7705078125
1085,0.0,0.7705078125
1086,1.0,0.58251953125
1087,0.0,0.00811004638671875
1088,1.0,0.9423828125
1089,0.0,0.0509033203125
1090,1.0,1.041015625
1091,0.0,0.2239990234375
1092,1.0,1.03515625
1093,0.0,0.8544921875
1094,1.0,0.9189453125
1095,0.0,-0.1866455078125
1096,1.0,0.411865234375
1097,0.0,0.11236572265625
1098,1.0,0.287841796875
1099,0.0,0.09735107421875
1100,1.0,0.2724609375
1101,0.0,0.41162109375
1102,1.0,0.82080078125
1103,0.0,0.82080078125
1104,1.0,0.716796875
1105,0.0,0.2188720703125
1106,1.0,-0.1290283203125
1107,0.0,-0.1290283203125
1108,1.0,1.556640625
1109,0.0,1.556640625
1110,1.0,0.720703125
1111,0.0,0.64501953125
1112,1.0,0.80419921875
1113,0.0,0.414794921875
1114,1.0,0.6142578125
1115,0.0,-0.1868896484375
1116,1.0,0.51171875
1117,0.0,0.07147216796875
1118,1.0,0.9453125
1119,0.0,-0.158203125
1120,1.0,0.5849609375
1121,0.0,0.399169921875
1122,1.0,0.587890625
1123,0.0,-0.0467529296875
1124,1.0,0.830078125
1125,0.0,0.53857421875
1126,1.0,0.650390625
1127,0.0,-0.04339599609375
1128,1.0,0.7080078125
1129,0.0,-0.0892333984375
1130,1.0,0.165283203125
1131,0.0,1.1884765625
1132,1.0,0.947265625
1133,0.0,0.2164306640625
1134,1.0,0.8154296875
1135,0.0,0.0667724609375
1136,1.0,1.3203125
1137,0.0,0.23974609375
1138,1.0,1.0537109375
1139,0.0,0.35888671875
1140,1.0,0.68994140625
1141,0.0,0.603515625
1142,1.0,0.2049560546875
1143,0.0,-0.1434326171875
1144,1.0,0.845703125
1145,0.0,-0.32568359375
1146,1.0,0.9033203125
1147,0.0,0.0797119140625
1148,1.0,0.85400390625
1149,0.0,0.039306640625
1150,1.0,0.81982421875
1151,0.0,-0.3466796875
1152,1.0,0.82666015625
1153,0.0,0.1712646484375
1154,1.0,0.63916015625
1155,0.0,0.017974853515625
1156,1.0,0.8935546875
1157,0.0,0.2001953125
1158,1.0,0.299560546875
1159,0.0,-0.018798828125
1160,1.0,0.253173828125
1161,0.0,0.11029052734375
1162,1.0,1.1591796875
1163,0.0,0.65673828125
1164,1.0,0.8828125
1165,0.0,0.420166015625
1166,1.0,0.79296875
1167,0.0,0.0243682861328125
1168,1.0,0.775390625
1169,0.0,-0.144287109375
1170,1.0,0.80126953125
1171,0.0,0.279296875
1172,1.0,0.9482421875
1173,0.0,-0.262451171875
1174,1.0,1.384765625
1175,0.0,-0.018707275390625
1176,1.0,0.84912109375
1177,0.0,0.2425537109375
1178,1.0,0.54052734375
1179,0.0,0.048095703125
1180,1.0,0.82421875
1181,0.0,0.546875
1182,1.0,0.69384765625
1183,0.0,0.69384765625
1184,1.0,0.421875
1185,0.0,0.421875
1186,1.0,0.6474609375
1187,0.0,0.384521484375
1188,1.0,1.19140625
1189,0.0,0.9638671875
1190,1.0,1.1611328125
1191,0.0,0.357666015625
1192,1.0,0.7626953125
1193,0.0,0.407470703125
1194,1.0,0.9580078125
1195,0.0,0.391845703125
1196,1.0,0.6591796875
1197,0.0,0.587890625
1198,1.0,1.0888671875
1199,0.0,0.357421875
1200,1.0,0.9765625
1201,0.0,0.470947265625
1202,1.0,0.71923828125
1203,0.0,0.01148223876953125
1204,1.0,0.73095703125
1205,0.0,0.240478515625
1206,1.0,0.6513671875
1207,0.0,0.3623046875
1208,1.0,0.60009765625
1209,0.0,0.1527099609375
1210,1.0,0.81591796875
1211,0.0,0.0273590087890625
1212,1.0,0.8056640625
1213,0.0,0.8056640625
1214,1.0,1.0166015625
1215,0.0,0.255859375
1216,1.0,0.92138671875
1217,0.0,0.1614990234375
1218,1.0,1.26953125
1219,0.0,0.0450439453125
1220,1.0,0.390625
1221,0.0,0.2410888671875
1222,1.0,0.97021484375
1223,0.0,0.58447265625
1224,1.0,0.7900390625
1225,0.0,0.2100830078125
1226,1.0,0.87841796875
1227,0.0,0.59375
1228,1.0,0.57470703125
1229,0.0,0.13671875
1230,1.0,1.1962890625
1231,0.0,0.285888671875
1232,1.0,0.8564453125
1233,0.0,0.350830078125
1234,1.0,0.4365234375
1235,0.0,0.4365234375
1236,1.0,0.6982421875
1237,0.0,-0.56494140625
1238,1.0,1.177734375
1239,0.0,0.1715087890625
1240,1.0,0.9091796875
1241,0.0,0.01047515869140625
1242,1.0,1.021484375
1243,0.0,0.18310546875
1244,1.0,1.177734375
1245,0.0,0.468017578125
1246,1.0,0.892578125
1247,0.0,-0.20263671875
1248,1.0,1.1611328125
1249,0.0,0.1171875
1250,1.0,0.6044921875
1251,0.0,0.440673828125
1252,1.0,0.8095703125
1253,0.0,0.1365966796875
1254,1.0,0.301025390625
1255,0.0,0.2296142578125
1256,1.0,0.454833984375
1257,0.0,0.7568359375
1258,1.0,1.0068359375
1259,0.0,1.0068359375
1260,1.0,1.0322265625
1261,0.0,0.6748046875
1262,1.0,0.826171875
1263,0.0,0.322998046875
1264,1.0,0.92919921875
1265,0.0,0.494873046875
1266,1.0,-0.34716796875
1267,0.0,0.250732421875
1268,1.0,0.8662109375
1269,0.0,0.3203125
1270,1.0,1.0400390625
1271,0.0,0.5166015625
1272,1.0,0.6220703125
1273,0.0,0.1495361328125
1274,1.0,0.67333984375
1275,0.0,0.09490966796875
1276,1.0,0.857421875
1277,0.0,-0.025238037109375
1278,1.0,0.82666015625
1279,0.0,0.72607421875
1280,1.0,0.3681640625
1281,0.0,0.471435546875
1282,1.0,0.83203125
1283,0.0,0.83203125
1284,1.0,0.7529296875
1285,0.0,0.333740234375
1286,1.0,0.43896484375
1287,0.0,-0.260986328125
1288,1.0,0.63623046875
1289,0.0,-0.031585693359375
1290,1.0,1.05078125
1291,0.0,1.04296875
1292,1.0,0.62451171875
1293,0.0,0.0310211181640625
1294,1.0,0.794921875
1295,0.0,-0.046112060546875
1296,1.0,1.19140625
1297,0.0,0.269287109375
1298,1.0,0.70068359375
1299,0.0,-0.103271484375
1300,1.0,0.43359375
1301,0.0,-0.1666259765625
1302,1.0,0.87109375
1303,0.0,0.1202392578125
1304,1.0,0.888671875
1305,0.0,0.373291015625
1306,1.0,0.84375
1307,0.0,0.318115234375
1308,1.0,0.312744140625
1309,0.0,0.312744140625
1310,1.0,1.083984375
1311,0.0,0.75634765625
1312,1.0,0.71533203125
1313,0.0,0.327392578125
1314,1.0,0.1492919921875
1315,0.0,0.8583984375
1316,1.0,0.787109375
1317,0.0,-0.16796875
1318,1.0,0.93408203125
1319,0.0,-0.00461578369140625
1320,1.0,0.95849609375
1321,0.0,-0.101806640625
1322,1.0,0.64404296875
1323,0.0,1.5498046875
1324,1.0,0.79541015625
1325,0.0,0.119384765625
1326,1.0,0.498046875
1327,0.0,0.2457275390625
1328,1.0,0.423095703125
1329,0.0,0.257568359375
1330,1.0,0.58251953125
1331,0.0,0.701171875
1332,1.0,0.267578125
1333,0.0,0.15234375
1334,1.0,0.533203125
1335,0.0,0.533203125
1336,1.0,1.2958984375
1337,0.0,0.78125
1338,1.0,1.2333984375
1339,0.0,0.220947265625
1340,1.0,0.8291015625
1341,0.0,0.419677734375
1342,1.0,0.7978515625
1343,0.0,0.062347412109375
1344,1.0,0.60791015625
1345,0.0,0.42431640625
1346,1.0,0.375732421875
1347,0.0,0.264404296875
1348,1.0,1.029296875
1349,0.0,0.603515625
1350,1.0,0.60009765625
1351,0.0,0.60009765625
1352,1.0,1.1708984375
1353,0.0,1.3642578125
1354,1.0,0.68017578125
1355,0.0,0.73095703125
1356,1.0,0.708984375
1357,0.0,0.226318359375
1358,1.0,0.8876953125
1359,0.0,0.364990234375
1360,1.0,0.55224609375
1361,0.0,0.07305908203125
1362,1.0,1.087890625
1363,0.0,1.087890625
1364,1.0,0.76123046875
1365,0.0,-0.39697265625
1366,1.0,0.85498046875
1367,0.0,0.70849609375
1368,1.0,0.73876953125
1369,0.0,-0.13818359375
1370,1.0,0.91064453125
1371,0.0,0.43359375
1372,1.0,0.54736328125
1373,0.0,0.55810546875
1374,1.0,1.0185546875
1375,0.0,0.54931640625
1376,1.0,0.89697265625
1377,0.0,0.70654296875
1378,1.0,0.728515625
1379,0.0,0.35400390625
1380,1.0,0.74951171875
1381,0.0,0.1427001953125
1382,1.0,0.7744140625
1383,0.0,0.7744140625
1384,1.0,0.86669921875
1385,0.0,0.8076171875
1386,1.0,0.6904296875
1387,0.0,0.335693359375
1388,1.0,0.80615234375
1389,0.0,0.2139892578125
1390,1.0,-0.0179443359375
1391,0.0,-0.0016260147094726562
1392,1.0,0.7197265625
1393,0.0,-0.04266357421875
1394,1.0,0.6806640625
1395,0.0,0.414794921875
1396,1.0,0.83837890625
1397,0.0,0.58935546875
1398,1.0,0.380126953125
1399,0.0,0.380126953125
1400,1.0,0.75537109375
1401,0.0,0.2474365234375
1402,1.0,0.73583984375
1403,0.0,-0.134033203125
1404,1.0,1.0859375
1405,0.0,0.1446533203125
1406,1.0,0.38037109375
1407,0.0,-0.475830078125
1408,1.0,0.75146484375
1409,0.0,0.7548828125
1410,1.0,0.319580078125
1411,0.0,0.319580078125
1412,1.0,0.58349609375
1413,0.0,-0.075927734375
1414,1.0,0.5732421875
1415,0.0,0.167236328125
1416,1.0,0.7734375
1417,0.0,-0.2388916015625
1418,1.0,1.0078125
1419,0.0,-0.1275634765625
1420,1.0,0.7529296875
1421,0.0,0.0731201171875
1422,1.0,0.6552734375
1423,0.0,0.6005859375
1424,1.0,0.92333984375
1425,0.0,-0.1422119140625
1426,1.0,1.01953125
1427,0.0,0.0445556640625
1428,1.0,0.404541015625
1429,0.0,-0.1446533203125
1430,1.0,1.173828125
1431,0.0,-0.10638427734375
1432,1.0,0.775390625
1433,0.0,0.580078125
1434,1.0,0.7529296875
1435,0.0,0.201171875
1436,1.0,1.212890625
1437,0.0,0.7890625
1438,1.0,0.71240234375
1439,0.0,0.480224609375
1440,1.0,0.70703125
1441,0.0,0.6904296875
1442,1.0,0.88134765625
1443,0.0,0.3173828125
1444,1.0,1.447265625
1445,0.0,0.431396484375
1446,1.0,-0.1475830078125
1447,0.0,-0.1475830078125
1448,1.0,0.59423828125
1449,0.0,1.0205078125
1450,1.0,0.162353515625
1451,0.0,0.1453857421875
1452,1.0,0.40625
1453,0.0,0.40625
1454,1.0,0.86572265625
1455,0.0,0.48681640625
1456,1.0,0.2587890625
1457,0.0,0.50341796875
1458,1.0,0.6328125
1459,0.0,0.07208251953125
1460,1.0,0.85888671875
1461,0.0,-0.2447509765625
1462,1.0,1.017578125
1463,0.0,0.501953125
1464,1.0,0.7490234375
1465,0.0,0.350830078125
1466,1.0,0.257568359375
1467,0.0,0.257568359375
1468,1.0,0.407470703125
1469,0.0,0.16796875
1470,1.0,0.77587890625
1471,0.0,-0.02545166015625
1472,1.0,1.162109375
1473,0.0,-0.0718994140625
1474,1.0,0.8623046875
1475,0.0,0.8427734375
1476,1.0,0.6806640625
1477,0.0,0.1845703125
1478,1.0,0.80029296875
1479,0.0,1.1572265625
1480,1.0,0.9267578125
1481,0.0,0.1683349609375
1482,1.0,0.74169921875
1483,0.0,0.74169921875
1484,1.0,1.0419921875
1485,0.0,0.27587890625
1486,1.0,0.85107421875
1487,0.0,0.1268310546875
1488,1.0,1.087890625
1489,0.0,0.68994140625
1490,1.0,0.81005859375
1491,0.0,0.1046142578125
1492,1.0,0.59765625
1493,0.0,0.039703369140625
1494,1.0,0.78369140625
1495,0.0,0.0966796875
1496,1.0,0.50146484375
1497,0.0,0.556640625
1498,1.0,0.499755859375
1499,0.0,0.12030029296875
1500,1.0,0.7197265625
1501,0.0,0.65869140625
1502,1.0,0.75537109375
1503,0.0,0.1466064453125
1504,1.0,0.6416015625
1505,0.0,0.3701171875
1506,1.0,0.8076171875
1507,0.0,0.1331787109375
1508,1.0,0.95166015625
1509,0.0,-0.29541015625
1510,1.0,1.0224609375
1511,0.0,0.10693359375
1512,1.0,-0.82080078125
1513,0.0,0.315185546875
1514,1.0,0.39306640625
1515,0.0,-0.130859375
1516,1.0,0.65771484375
1517,0.0,-0.158935546875
1518,1.0,0.83154296875
1519,0.0,0.2205810546875
1520,1.0,0.720703125
1521,0.0,-0.0018014907836914062
1522,1.0,0.76123046875
1523,0.0,-0.191650390625
1524,1.0,0.95947265625
1525,0.0,0.53076171875
1526,1.0,1.4609375
1527,0.0,0.412353515625
1528,1.0,0.81982421875
1529,0.0,0.481201171875
1530,1.0,0.623046875
1531,0.0,0.1763916015625
1532,1.0,-0.44287109375
1533,0.0,0.29345703125
1534,1.0,0.93701171875
1535,0.0,-0.20263671875
1536,1.0,0.59326171875
1537,0.0,0.363525390625
1538,1.0,0.70263671875
1539,0.0,0.630859375
1540,1.0,0.68701171875
1541,0.0,0.68701171875
1542,1.0,0.8173828125
1543,0.0,0.8173828125
1544,1.0,0.9248046875
1545,0.0,0.39306640625
1546,1.0,0.7548828125
1547,0.0,0.7548828125
1548,1.0,0.78857421875
1549,0.0,0.229736328125
1550,1.0,0.153564453125
1551,0.0,0.042083740234375
1552,1.0,0.90234375
1553,0.0,0.64013671875
1554,1.0,0.8779296875
1555,0.0,0.8779296875
1556,1.0,1.1103515625
1557,0.0,0.6328125
1558,1.0,1.0439453125
1559,0.0,0.27392578125
1560,1.0,-0.27587890625
1561,0.0,0.367919921875
1562,1.0,0.80029296875
1563,0.0,0.342529296875
1564,1.0,0.53466796875
1565,0.0,-0.461669921875
1566,1.0,0.67822265625
1567,0.0,0.36474609375
1568,1.0,0.06982421875
1569,0.0,-0.110107421875
1570,1.0,0.671875
1571,0.0,0.059539794921875
1572,1.0,0.43212890625
1573,0.0,-0.09478759765625
1574,1.0,0.70849609375
1575,0.0,0.259033203125
1576,1.0,0.654296875
1577,0.0,0.18994140625
1578,1.0,1.1142578125
1579,0.0,-0.0108795166015625
1580,1.0,0.9912109375
1581,0.0,0.3818359375
1582,1.0,0.73291015625
1583,0.0,0.3486328125
1584,1.0,1.1337890625
1585,0.0,0.08203125
1586,1.0,0.88671875
1587,0.0,0.88671875
1588,1.0,0.56396484375
1589,0.0,0.56396484375
1590,1.0,0.662109375
1591,0.0,0.51318359375
1592,1.0,0.35986328125
1593,0.0,0.35986328125
1594,1.0,0.78759765625
1595,0.0,0.390869140625
1596,1.0,1.064453125
1597,0.0,0.56787109375
1598,1.0,0.8359375
1599,0.0,0.564453125
1600,1.0,0.81884765625
1601,0.0,0.90625
1602,1.0,0.7744140625
1603,0.0,0.07958984375
1604,1.0,0.3828125
1605,0.0,0.751953125
1606,1.0,0.63623046875
1607,0.0,-0.0963134765625
1608,1.0,0.5859375
1609,0.0,-0.251220703125
1610,1.0,0.92138671875
1611,0.0,0.50439453125
1612,1.0,0.69677734375
1613,0.0,0.2315673828125
1614,1.0,0.486328125
1615,0.0,-0.2381591796875
1616,1.0,0.8037109375
1617,0.0,-0.139404296875
1618,1.0,1.2021484375
1619,0.0,-0.10400390625
1620,1.0,0.57080078125
1621,0.0,0.0634765625
1622,1.0,1.0263671875
1623,0.0,-0.049285888671875
1624,1.0,0.7314453125
1625,0.0,0.7314453125
1626,1.0,1.095703125
1627,0.0,-0.1654052734375
1628,1.0,1.0283203125
1629,0.0,0.429443359375
1630,1.0,1.0732421875
1631,0.0,-0.0657958984375
1632,1.0,0.21142578125
1633,0.0,-0.04718017578125
1634,1.0,0.68994140625
1635,0.0,0.383544921875
1636,1.0,0.828125
1637,0.0,-0.14013671875
1638,1.0,0.73095703125
1639,0.0,0.08624267578125
1640,1.0,0.81640625
1641,0.0,0.370361328125
1642,1.0,0.5966796875
1643,0.0,0.093017578125
1644,1.0,0.9521484375
1645,0.0,-0.0207366943359375
1646,1.0,0.87744140625
1647,0.0,-0.205322265625
1648,1.0,0.7509765625
1649,0.0,0.1739501953125
1650,1.0,0.91552734375
1651,0.0,0.8642578125
1652,1.0,0.6796875
1653,0.0,0.6796875
1654,1.0,0.890625
1655,0.0,-0.058349609375
1656,1.0,0.91943359375
1657,0.0,0.43310546875
1658,1.0,0.81787109375
1659,0.0,0.406494140625
1660,1.0,0.693359375
1661,0.0,0.693359375
1662,1.0,0.41357421875
1663,0.0,0.41357421875
1664,1.0,0.98486328125
1665,0.0,0.50732421875
1666,1.0,0.48388671875
1667,0.0,0.48388671875
1668,1.0,0.89013671875
1669,0.0,0.1055908203125
1670,1.0,0.78662109375
1671,0.0,0.0202789306640625
1672,1.0,0.91845703125
1673,0.0,-0.72705078125
1674,1.0,0.33740234375
1675,0.0,0.33740234375
1676,1.0,0.6943359375
1677,0.0,0.47216796875
1678,1.0,0.207763671875
1679,0.0,0.3916015625
1680,1.0,0.90869140625
1681,0.0,0.161376953125
1682,1.0,0.48828125
1683,0.0,0.38623046875
1684,1.0,0.83154296875
1685,0.0,0.425537109375
1686,1.0,1.16796875
1687,0.0,0.03143310546875
1688,1.0,0.86474609375
1689,0.0,2.467632293701172e-05
1690,1.0,1.3359375
1691,0.0,0.64599609375
1692,1.0,1.0078125
1693,0.0,-0.260498046875
1694,1.0,0.69287109375
1695,0.0,-0.053619384765625
1696,1.0,1.2255859375
1697,0.0,0.2294921875
1698,1.0,0.77685546875
1699,0.0,1.4599609375
1700,1.0,0.70361328125
1701,0.0,0.08697509765625
1702,1.0,0.904296875
1703,0.0,0.020294189453125
1704,1.0,0.5966796875
1705,0.0,0.2607421875
1706,1.0,0.64892578125
1707,0.0,0.51318359375
1708,1.0,0.3359375
1709,0.0,0.3359375
1710,1.0,1.005859375
1711,0.0,0.2939453125
1712,1.0,0.873046875
1713,0.0,-0.005580902099609375
1714,1.0,0.70751953125
1715,0.0,0.103515625
1716,1.0,0.71826171875
1717,0.0,-0.0203704833984375
1718,1.0,0.81005859375
1719,0.0,0.33984375
1720,1.0,1.236328125
1721,0.0,0.6298828125
1722,1.0,0.31640625
1723,0.0,0.5595703125
1724,1.0,0.7119140625
1725,0.0,0.40625
1726,1.0,0.87353515625
1727,0.0,0.1337890625
1728,1.0,0.703125
1729,0.0,0.08306884765625
1730,1.0,0.92138671875
1731,0.0,0.388916015625
1732,1.0,0.54833984375
1733,0.0,1.59375
1734,1.0,0.62109375
1735,0.0,0.15478515625
1736,1.0,0.923828125
1737,0.0,-0.035614013671875
1738,1.0,0.79931640625
1739,0.0,0.194091796875
1740,1.0,0.68701171875
1741,0.0,0.32080078125
1742,1.0,0.7470703125
1743,0.0,0.58642578125
1744,1.0,0.8115234375
1745,0.0,0.018096923828125
1746,1.0,0.367919921875
1747,0.0,0.34228515625
1748,1.0,0.6806640625
1749,0.0,0.43505859375
1750,1.0,0.70703125
1751,0.0,0.343994140625
1752,1.0,0.422119140625
1753,0.0,0.57666015625
1754,1.0,0.861328125
1755,0.0,1.1396484375
1756,1.0,0.413330078125
1757,0.0,0.413330078125
1758,1.0,0.91162109375
1759,0.0,-0.276123046875
1760,1.0,0.63134765625
1761,0.0,0.49169921875
1762,1.0,0.88232421875
1763,0.0,0.360107421875
1764,1.0,1.25
1765,0.0,-0.152099609375
1766,1.0,1.1396484375
1767,0.0,0.49560546875
1768,1.0,0.92333984375
1769,0.0,0.10162353515625
1770,1.0,1.3388671875
1771,0.0,0.2998046875
1772,1.0,0.80419921875
1773,0.0,0.208740234375
1774,1.0,1.02734375
1775,0.0,-0.2396240234375
1776,1.0,0.73095703125
1777,0.0,-0.2044677734375
1778,1.0,0.86376953125
1779,0.0,0.86376953125
1780,1.0,1.111328125
1781,0.0,0.3544921875
1782,1.0,0.447021484375
1783,0.0,-0.1336669921875
1784,1.0,0.9140625
1785,0.0,0.129638671875
1786,1.0,0.43603515625
1787,0.0,0.43603515625
1788,1.0,0.775390625
1789,0.0,0.306884765625
1790,1.0,0.556640625
1791,0.0,0.09686279296875
1792,1.0,1.0361328125
1793,0.0,0.0765380859375
1794,1.0,0.85498046875
1795,0.0,-0.0836181640625
1796,1.0,0.79833984375
1797,0.0,0.79833984375
1798,1.0,0.9912109375
1799,0.0,0.58984375
1800,1.0,0.7041015625
1801,0.0,0.3544921875
1802,1.0,0.1905517578125
1803,0.0,0.06182861328125
1804,1.0,0.95263671875
1805,0.0,0.48681640625
1806,1.0,0.41748046875
1807,0.0,0.32861328125
1808,1.0,0.56884765625
1809,0.0,0.1795654296875
1810,1.0,1.068359375
1811,0.0,0.08880615234375
1812,1.0,0.378662109375
1813,0.0,-0.08941650390625
1814,1.0,0.51171875
1815,0.0,-0.381103515625
1816,1.0,0.74072265625
1817,0.0,0.0863037109375
1818,1.0,0.654296875
1819,0.0,0.509765625
1820,1.0,0.732421875
1821,0.0,-0.1031494140625
1822,1.0,0.8916015625
1823,0.0,0.23681640625
1824,1.0,0.443115234375
1825,0.0,-0.2890625
1826,1.0,1.0439453125
1827,0.0,0.3828125
1828,1.0,0.5439453125
1829,0.0,-0.0109405517578125
1830,1.0,0.83837890625
1831,0.0,-0.173095703125
1832,1.0,0.94921875
1833,0.0,1.0478515625
1834,1.0,0.35302734375
1835,0.0,0.30419921875
1836,1.0,1.6572265625
1837,0.0,0.54296875
1838,1.0,0.98974609375
1839,0.0,-0.11785888671875
1840,1.0,0.5556640625
1841,0.0,0.2176513671875
1842,1.0,1.1259765625
1843,0.0,0.75244140625
1844,1.0,0.421875
1845,0.0,0.310546875
1846,1.0,0.1954345703125
1847,0.0,0.29931640625
1848,1.0,0.60546875
1849,0.0,-0.491943359375
1850,1.0,0.45361328125
1851,0.0,0.45361328125
1852,1.0,1.123046875
1853,0.0,0.32763671875
1854,1.0,1.08984375
1855,0.0,-0.039703369140625
1856,1.0,0.681640625
1857,0.0,0.341796875
1858,1.0,0.75244140625
1859,0.0,0.482177734375
1860,1.0,0.7880859375
1861,0.0,0.136962890625
1862,1.0,0.8203125
1863,0.0,-0.1356201171875
1864,1.0,0.83251953125
1865,0.0,0.58154296875
1866,1.0,-0.39892578125
1867,0.0,-0.54931640625
1868,1.0,1.1962890625
1869,0.0,1.0576171875
1870,1.0,0.669921875
1871,0.0,-0.07952880859375
1872,1.0,0.70458984375
1873,0.0,0.26953125
1874,1.0,1.3115234375
1875,0.0,-0.04351806640625
1876,1.0,0.70263671875
1877,0.0,0.059906005859375
1878,1.0,0.1663818359375
1879,0.0,0.1663818359375
1880,1.0,0.93408203125
1881,0.0,0.354248046875
1882,1.0,1.0732421875
1883,0.0,0.028656005859375
1884,1.0,0.79052734375
1885,0.0,0.228515625
1886,1.0,0.7548828125
1887,0.0,0.41650390625
1888,1.0,0.82080078125
1889,0.0,0.27978515625
1890,1.0,0.78955078125
1891,0.0,0.5078125
1892,1.0,0.5595703125
1893,0.0,0.284912109375
1894,1.0,0.80126953125
1895,0.0,0.1552734375
1896,1.0,0.42041015625
1897,0.0,0.22412109375
1898,1.0,0.84033203125
1899,0.0,0.58544921875
1900,1.0,0.79736328125
1901,0.0,0.2137451171875
1902,1.0,1.1357421875
1903,0.0,0.5234375
1904,1.0,0.8564453125
1905,0.0,0.64599609375
1906,1.0,0.65625
1907,0.0,-0.248046875
1908,1.0,0.97998046875
1909,0.0,0.302001953125
1910,1.0,0.587890625
1911,0.0,0.62939453125
1912,1.0,0.8642578125
1913,0.0,0.200927734375
1914,1.0,0.5166015625
1915,0.0,0.5166015625
1916,1.0,0.64599609375
1917,0.0,0.1385498046875
1918,1.0,0.41015625
1919,0.0,-0.1788330078125
1920,1.0,0.9365234375
1921,0.0,0.84228515625
1922,1.0,0.6787109375
1923,0.0,0.134521484375
1924,1.0,0.67919921875
1925,0.0,0.046875
1926,1.0,0.99072265625
1927,0.0,0.033172607421875
1928,1.0,0.57470703125
1929,0.0,0.314453125
1930,1.0,0.83251953125
1931,0.0,-0.1383056640625
1932,1.0,0.59814453125
1933,0.0,-0.004596710205078125
1934,1.0,0.2418212890625
1935,0.0,0.2418212890625
1936,1.0,0.39794921875
1937,0.0,-0.4375
1938,1.0,1.0830078125
1939,0.0,0.6435546875
1940,1.0,1.162109375
1941,0.0,0.0579833984375
1942,1.0,0.7900390625
1943,0.0,0.7900390625
1944,1.0,0.76025390625
1945,0.0,-0.0223388671875
1946,1.0,0.75048828125
1947,0.0,0.0160369873046875
1948,1.0,1.2900390625
1949,0.0,-0.130615234375
1950,1.0,0.200927734375
1951,0.0,-0.23388671875
1952,1.0,0.82958984375
1953,0.0,0.82958984375
1954,1.0,0.86572265625
1955,0.0,0.17724609375
1956,1.0,0.83447265625
1957,0.0,0.04071044921875
1958,1.0,0.8486328125
1959,0.0,0.525390625
1960,1.0,0.8818359375
1961,0.0,-0.045318603515625
1962,1.0,0.7587890625
1963,0.0,0.42724609375
1964,1.0,0.84716796875
1965,0.0,0.454833984375
1966,1.0,0.22509765625
1967,0.0,0.22509765625
1968,1.0,0.82568359375
1969,0.0,0.27880859375
1970,1.0,0.89306640625
1971,0.0,0.75439453125
1972,1.0,0.5859375
1973,0.0,0.533203125
1974,1.0,0.94384765625
1975,0.0,-0.291259765625
1976,1.0,0.418701171875
1977,0.0,-0.06268310546875
1978,1.0,0.8408203125
1979,0.0,0.333251953125
1980,1.0,0.6689453125
1981,0.0,0.181640625
1982,1.0,0.53515625
1983,0.0,0.366455078125
1984,1.0,0.970703125
1985,0.0,0.72509765625
1986,1.0,0.86572265625
1987,0.0,0.06768798828125
1988,1.0,0.654296875
1989,0.0,-0.0265045166015625
1990,1.0,0.837890625
1991,0.0,-0.079345703125
1992,1.0,0.8544921875
1993,0.0,-0.025390625
1994,1.0,1.1435546875
1995,0.0,-0.322509765625
1996,1.0,0.814453125
1997,0.0,0.2325439453125
1998,1.0,0.99072265625
1999,0.0,-0.246826171875
2000,1.0,0.8017578125
2001,0.0,0.56396484375
2002,1.0,0.6259765625
2003,0.0,-0.185791015625
2004,1.0,0.52392578125
2005,0.0,0.10400390625
2006,1.0,0.8818359375
2007,0.0,0.1429443359375
2008,1.0,1.140625
2009,0.0,0.130859375
2010,1.0,0.876953125
2011,0.0,0.11376953125
2012,1.0,0.638671875
2013,0.0,0.2208251953125
2014,1.0,0.8056640625
2015,0.0,0.34716796875
2016,1.0,0.431884765625
2017,0.0,0.214111328125
2018,1.0,1.0986328125
2019,0.0,0.055023193359375
2020,1.0,-0.368408203125
2021,0.0,-0.368408203125
2022,1.0,1.0283203125
2023,0.0,0.54736328125
2024,1.0,0.9365234375
2025,0.0,0.256591796875
2026,1.0,0.1893310546875
2027,0.0,0.1937255859375
2028,1.0,0.72265625
2029,0.0,-0.06689453125
2030,1.0,1.0146484375
2031,0.0,-0.06396484375
2032,1.0,0.76416015625
2033,0.0,0.426025390625
2034,1.0,0.52734375
2035,0.0,-0.07080078125
2036,1.0,0.78564453125
2037,0.0,0.78564453125
2038,1.0,1.05078125
2039,0.0,-0.279541015625
2040,1.0,0.31982421875
2041,0.0,-0.0887451171875
2042,1.0,0.916015625
2043,0.0,0.369384765625
2044,1.0,0.55859375
2045,0.0,0.341796875
2046,1.0,0.69140625
2047,0.0,0.5556640625
2048,1.0,0.98828125
2049,0.0,0.084228515625
2050,1.0,0.75048828125
2051,0.0,-0.0633544921875
2052,1.0,0.48291015625
2053,0.0,-0.07916259765625
2054,1.0,0.5341796875
2055,0.0,0.1513671875
2056,1.0,0.740234375
2057,0.0,0.28857421875
2058,1.0,1.072265625
2059,0.0,-0.179443359375
2060,1.0,0.431884765625
2061,0.0,0.650390625
2062,1.0,0.91015625
2063,0.0,-0.02117919921875
2064,1.0,0.7646484375
2065,0.0,-0.058135986328125
2066,1.0,0.7177734375
2067,0.0,0.15185546875
2068,1.0,1.0908203125
2069,0.0,0.478759765625
2070,1.0,0.89404296875
2071,0.0,0.326904296875
2072,1.0,0.4375
2073,0.0,0.0740966796875
2074,1.0,0.8984375
2075,0.0,0.2509765625
2076,1.0,1.11328125
2077,0.0,1.11328125
2078,1.0,1.080078125
2079,0.0,0.20458984375
2080,1.0,0.61279296875
2081,0.0,0.002223968505859375
2082,1.0,0.666015625
2083,0.0,0.359619140625
2084,1.0,0.9755859375
2085,0.0,0.50439453125
2086,1.0,0.9462890625
2087,0.0,0.1893310546875
2088,1.0,0.7041015625
2089,0.0,0.022979736328125
2090,1.0,0.6630859375
2091,0.0,-0.02435302734375
2092,1.0,-0.30859375
2093,0.0,0.80322265625
2094,1.0,0.7021484375
2095,0.0,0.2086181640625
2096,1.0,0.92236328125
2097,0.0,-0.276123046875
2098,1.0,0.58056640625
2099,0.0,0.369384765625
2100,1.0,0.40478515625
2101,0.0,0.41748046875
2102,1.0,0.833984375
2103,0.0,-0.053863525390625
2104,1.0,0.467041015625
2105,0.0,0.30712890625
2106,1.0,-0.129150390625
2107,0.0,0.306396484375
2108,1.0,1.10546875
2109,0.0,1.6572265625
2110,1.0,0.10498046875
2111,0.0,0.4697265625
2112,1.0,1.1318359375
2113,0.0,0.166259765625
2114,1.0,0.72705078125
2115,0.0,0.7880859375
2116,1.0,0.10357666015625
2117,0.0,0.255615234375
2118,1.0,0.84716796875
2119,0.0,-0.03521728515625
2120,1.0,1.0927734375
2121,0.0,0.4443359375
2122,1.0,0.69189453125
2123,0.0,0.5908203125
2124,1.0,0.630859375
2125,0.0,0.144775390625
2126,1.0,0.46728515625
2127,0.0,-0.095458984375
2128,1.0,0.763671875
2129,0.0,0.10498046875
2130,1.0,1.0703125
2131,0.0,-0.09912109375
2132,1.0,0.87939453125
2133,0.0,0.36767578125
2134,1.0,1.3212890625
2135,0.0,-0.265869140625
2136,1.0,0.6572265625
2137,0.0,0.74755859375
2138,1.0,0.8720703125
2139,0.0,0.335205078125
2140,1.0,1.1748046875
2141,0.0,0.27197265625
2142,1.0,0.372314453125
2143,0.0,0.372314453125
2144,1.0,0.91796875
2145,0.0,0.324951171875
2146,1.0,0.79296875
2147,0.0,0.79296875
2148,1.0,0.04595947265625
2149,0.0,-0.0292205810546875
2150,1.0,0.67626953125
2151,0.0,0.9912109375
2152,1.0,-0.1695556640625
2153,0.0,-0.1695556640625
2154,1.0,0.457763671875
2155,0.0,0.42236328125
2156,1.0,0.833984375
2157,0.0,0.1982421875
2158,1.0,0.6337890625
2159,0.0,0.6337890625
2160,1.0,0.8759765625
2161,0.0,0.8759765625
2162,1.0,0.91455078125
2163,0.0,0.35009765625
2164,1.0,0.68701171875
2165,0.0,0.58056640625
2166,1.0,0.8369140625
2167,0.0,0.251708984375
2168,1.0,0.71337890625
2169,0.0,0.05255126953125
2170,1.0,0.3359375
2171,0.0,-0.02655029296875
2172,1.0,0.365234375
2173,0.0,0.1824951171875
2174,1.0,0.41943359375
2175,0.0,-0.153076171875
2176,1.0,0.93603515625
2177,0.0,0.003910064697265625
2178,1.0,1.0078125
2179,0.0,0.4541015625
2180,1.0,0.74951171875
2181,0.0,0.08355712890625
2182,1.0,0.7119140625
2183,0.0,0.6181640625
2184,1.0,0.8193359375
2185,0.0,0.64794921875
2186,1.0,1.0751953125
2187,0.0,0.0382080078125
2188,1.0,0.8701171875
2189,0.0,-0.04541015625
2190,1.0,0.9306640625
2191,0.0,0.1588134765625
2192,1.0,0.69140625
2193,0.0,0.3955078125
2194,1.0,0.432373046875
2195,0.0,0.230712890625
2196,1.0,0.8232421875
2197,0.0,0.1865234375
2198,1.0,0.89013671875
2199,0.0,0.250244140625
2200,1.0,1.224609375
2201,0.0,0.1339111328125
2202,1.0,0.7783203125
2203,0.0,0.0296478271484375
2204,1.0,0.7900390625
2205,0.0,-0.06787109375
2206,1.0,0.62353515625
2207,0.0,1.51171875
2208,1.0,0.59619140625
2209,0.0,0.4404296875
2210,1.0,0.31396484375
2211,0.0,0.453125
2212,1.0,0.587890625
2213,0.0,0.10784912109375
2214,1.0,0.8857421875
2215,0.0,0.6083984375
2216,1.0,0.95654296875
2217,0.0,0.271484375
2218,1.0,0.69482421875
2219,0.0,0.69482421875
2220,1.0,0.80712890625
2221,0.0,-0.2222900390625
2222,1.0,0.9033203125
2223,0.0,0.9033203125
2224,1.0,1.1240234375
2225,0.0,0.252197265625
2226,1.0,0.82666015625
2227,0.0,0.1927490234375
2228,1.0,0.51953125
2229,0.0,0.085693359375
2230,1.0,0.67626953125
2231,0.0,0.88232421875
2232,1.0,0.98486328125
2233,0.0,0.2705078125
2234,1.0,0.9541015625
2235,0.0,-0.0209808349609375
2236,1.0,0.272216796875
2237,0.0,0.093505859375
2238,1.0,1.0693359375
2239,0.0,0.1656494140625
2240,1.0,0.5498046875
2241,0.0,0.54638671875
2242,1.0,0.44189453125
2243,0.0,-0.1441650390625
2244,1.0,0.638671875
2245,0.0,0.427734375
2246,1.0,0.65283203125
2247,0.0,0.451171875
2248,1.0,1.0517578125
2249,0.0,0.408447265625
2250,1.0,0.68701171875
2251,0.0,0.01300811767578125
2252,1.0,1.75
2253,0.0,-0.42578125
2254,1.0,0.78759765625
2255,0.0,0.16162109375
2256,1.0,1.4404296875
2257,0.0,0.24072265625
2258,1.0,1.0126953125
2259,0.0,0.364013671875
2260,1.0,1.3466796875
2261,0.0,-0.1461181640625
2262,1.0,0.828125
2263,0.0,0.0152130126953125
2264,1.0,0.90234375
2265,0.0,0.2025146484375
2266,1.0,0.90576171875
2267,0.0,0.11236572265625
2268,1.0,0.76220703125
2269,0.0,0.357177734375
2270,1.0,0.494384765625
2271,0.0,0.494384765625
2272,1.0,0.175537109375
2273,0.0,-0.055145263671875
2274,1.0,0.99755859375
2275,0.0,0.12188720703125
2276,1.0,0.1937255859375
2277,0.0,0.1937255859375
2278,1.0,0.5009765625
2279,0.0,0.020294189453125
2280,1.0,0.91162109375
2281,0.0,0.42822265625
2282,1.0,0.802734375
2283,0.0,-0.012054443359375
2284,1.0,1.2197265625
2285,0.0,0.12469482421875
2286,1.0,0.5478515625
2287,0.0,-0.08111572265625
2288,1.0,0.88671875
2289,0.0,0.447021484375
2290,1.0,0.66455078125
2291,0.0,0.42724609375
2292,1.0,0.77880859375
2293,0.0,-0.0015420913696289062
2294,1.0,0.38671875
2295,0.0,-0.06365966796875
2296,1.0,0.64306640625
2297,0.0,0.26220703125
2298,1.0,0.9296875
2299,0.0,0.521484375
2300,1.0,0.734375
2301,0.0,0.84130859375
2302,1.0,0.80908203125
2303,0.0,0.5654296875
2304,1.0,0.92919921875
2305,0.0,0.19921875
2306,1.0,0.5888671875
2307,0.0,-0.033447265625
2308,1.0,1.0390625
2309,0.0,1.0390625
2310,1.0,0.9638671875
2311,0.0,0.2265625
2312,1.0,1.34375
2313,0.0,1.34375
2314,1.0,0.83056640625
2315,0.0,0.60693359375
2316,1.0,1.1005859375
2317,0.0,0.064697265625
2318,1.0,0.51611328125
2319,0.0,0.27734375
2320,1.0,0.8232421875
2321,0.0,-0.268310546875
2322,1.0,1.5009765625
2323,0.0,0.0645751953125
2324,1.0,1.119140625
2325,0.0,0.57470703125
2326,1.0,0.6708984375
2327,0.0,0.167724609375
2328,1.0,1.001953125
2329,0.0,0.156982421875
2330,1.0,0.75927734375
2331,0.0,0.94140625
2332,1.0,0.67822265625
2333,0.0,-0.08856201171875
2334,1.0,0.1673583984375
2335,0.0,0.060394287109375
2336,1.0,1.1201171875
2337,0.0,0.459228515625
2338,1.0,0.7724609375
2339,0.0,0.037109375
2340,1.0,0.669921875
2341,0.0,0.060821533203125
2342,1.0,0.642578125
2343,0.0,0.1195068359375
2344,1.0,1.0283203125
2345,0.0,0.52099609375
2346,1.0,1.080078125
2347,0.0,0.87841796875
2348,1.0,1.0546875
2349,0.0,0.65283203125
2350,1.0,0.269287109375
2351,0.0,-0.1800537109375
2352,1.0,0.677734375
2353,0.0,0.138916015625
2354,1.0,0.50244140625
2355,0.0,0.50244140625
2356,1.0,0.77587890625
2357,0.0,0.293701171875
2358,1.0,1.0986328125
2359,0.0,0.30908203125
2360,1.0,0.6474609375
2361,0.0,0.452392578125
2362,1.0,0.86962890625
2363,0.0,0.406494140625
2364,1.0,0.8798828125
2365,0.0,0.376708984375
2366,1.0,0.37890625
2367,0.0,0.1593017578125
2368,1.0,0.476806640625
2369,0.0,0.55908203125
2370,1.0,0.947265625
2371,0.0,0.423583984375
2372,1.0,0.80908203125
2373,0.0,0.1759033203125
2374,1.0,0.67333984375
2375,0.0,-0.0201568603515625
2376,1.0,0.85302734375
2377,0.0,0.03155517578125
2378,1.0,0.76025390625
2379,0.0,0.480712890625
2380,1.0,0.36669921875
2381,0.0,0.262939453125
2382,1.0,0.849609375
2383,0.0,-0.06768798828125
2384,1.0,-0.1949462890625
2385,0.0,0.489013671875
2386,1.0,0.90869140625
2387,0.0,0.417236328125
2388,1.0,0.7314453125
2389,0.0,-0.05096435546875
2390,1.0,0.82177734375
2391,0.0,0.132080078125
2392,1.0,0.7939453125
2393,0.0,0.025421142578125
2394,1.0,0.8974609375
2395,0.0,0.32177734375
2396,1.0,0.61376953125
2397,0.0,-0.04986572265625
2398,1.0,0.89404296875
2399,0.0,0.017333984375
2400,1.0,0.8837890625
2401,0.0,0.44921875
2402,1.0,0.6923828125
2403,0.0,0.1976318359375
2404,1.0,0.66015625
2405,0.0,0.08905029296875
2406,1.0,0.92333984375
2407,0.0,0.57421875
2408,1.0,0.469482421875
2409,0.0,0.21337890625
2410,1.0,0.58642578125
2411,0.0,0.1751708984375
2412,1.0,2.240234375
2413,0.0,2.240234375
2414,1.0,0.192138671875
2415,0.0,-0.1156005859375
2416,1.0,0.71533203125
2417,0.0,0.431884765625
2418,1.0,0.666015625
2419,0.0,0.03411865234375
2420,1.0,0.46435546875
2421,0.0,0.4453125
2422,1.0,0.67626953125
2423,0.0,0.355712890625
2424,1.0,0.58740234375
2425,0.0,0.30810546875
2426,1.0,-0.1182861328125
2427,0.0,-0.1182861328125
2428,1.0,0.517578125
2429,0.0,0.357421875
2430,1.0,1.0068359375
2431,0.0,-0.0863037109375
2432,1.0,0.92138671875
2433,0.0,-0.1522216796875
2434,1.0,0.9326171875
2435,0.0,0.08978271484375
2436,1.0,0.5283203125
2437,0.0,0.1268310546875
2438,1.0,0.79248046875
2439,0.0,0.2431640625
2440,1.0,1.0537109375
2441,0.0,0.368896484375
2442,1.0,0.307861328125
2443,0.0,0.307861328125
2444,1.0,0.6259765625
2445,0.0,0.1390380859375
2446,1.0,0.740234375
2447,0.0,-0.0260772705078125
2448,1.0,-0.10357666015625
2449,0.0,-0.10357666015625
2450,1.0,0.9423828125
2451,0.0,0.265625
